				
item	ru	en	tr	zh
				
common:blog	Блог	Blog	Blog	博客
common:about	О компании	About the company	Şirket hakkında	关于公司
common:faq	FAQ	FAQ	SSS	常问问题
common:partners	Партнерам	For partners	Ortaklar için	对于合作伙伴
common:delivery_payment	Доставка и оплата	Delivery and payment	Teslimat ve ödeme	交货及付款
common:vacancies	Вакансии	Vacancies	Boş pozisyonlar	职位空缺
common:contacts	Контакты	Contacts	Kişiler	联系方式
common:catalog	Каталог товаров	Product catalog	Ürün kataloğu	产品目录
common:homuti	Хомуты	Scaffolding clamps	İskele kelepçeleri	脚手架夹
common:nepovorot	Хомут неповоротный	Fixed clamp	Sabit kelepçe	固定夹
common:povorot	Хомут поворотный	Swivel clamp	Döner kelepçe	旋转夹
common:stykov	Хомут стыковочный	Sleeve coupler	Kol bağlayıcı	套筒耦合器
common:fix	Хомут фиксирующий	Putlog coupler	Putlog bağlayıcı	普特罗格耦合器
common:bal	Хомут балочный	Beam coupler	Kiriş kuplörü	光束耦合器
common:dosk	Хомут к доске	Board retain clamp	Kart tutma kelepçesi	板固定夹
common:bolt	Болт Т-образный	Clip set (bolt, nut)	Klips seti (cıvata, somun)	夹子组（螺栓、螺母）
common:lestnic	Хомут к лестнице	Ladder coupler	Merdiven bağlayıcı	梯形联轴器
common:stroyles	Строительные леса	Scaffolding	İskele	脚手架
common:homut	Хомутовые леса	Khomutovye scaffolding	Khomutovye iskele	霍穆托夫脚手架
common:klin	Клиновые леса	Wedge forests	Kama ormanları	楔形森林
common:chash	Опалубка CUP-LOCK	CUP-LOCK formwork	CUP-LOCK kalıbı	杯锁模板
common:complect	Комплектующие к строительным лесам	Components for scaffolds	İskele bileşenleri	脚手架组件
common:opalub_complect	Комлектующие к опалубке	Components for formwork	Kalıp bileşenleri	模板组件
common:waterstop	Гайка ватерстоп	Waterstop nut	Su tutucu somun	止水螺母
common:klin_zamok	Замок клиновой оцинкованный	Galvanized wedge lock	Galvanizli kama kilidi	镀锌楔锁
common:bfd_zamok	Замок BFD оцинкованный	Lock BFD galvanized	Kilit BFD galvanizli	BFD 镀锌锁
common:gaika_vint_opor	Гайка для винтовой опоры	Nut for screw support	Vida desteği için somun	螺杆支撑用螺母
common:gaika_stayzh_treh	Гайка стяжная трехрожковая оцинкованная	Galvanized three-arm coupling nut	Galvanizli üç kollu bağlantı somunu	镀锌三臂连接螺母
common:gaika_staych_dvuh	Гайка стяжная двухрожковая оцинкованная 90мм	Double-arm galvanized coupling nut 90mm	Çift kollu galvanizli bağlantı somunu 90mm	双臂镀锌连接螺母90mm
common:gaika_sharnir	Гайка шарнирная	Swivel nut	Döner somun	旋转螺母
common:vint_stayzh	Винт стяжной	Clamping screw	Sıkıştırma vidası	夹紧螺丝
common:gaika_malaya	Гайка малая барашковая/крыльчатая	Small wing/wing nut	Küçük kanat/kanat somunu	小翼形/翼形螺母
common:fix_armatur	Фиксаторы арматуры	Reinforcement clamps	Takviye kelepçeleri	加固夹
common:trubi_vgp	Трубы	Pipes	Borular	管道
common:trubi_stroiles	Трубы для строительных лесов	Pipes for scaffolding	İskele boruları	脚手架用管材
common:opalubka_perkrit	Опалубка перекрытий	Floor formwork	Zemin kalıbı	楼板模板
common:cart	Корзина	Cart	Sepet	大车
breadcrumbs:home	Главная	Home	Ev	家
breadcrumbs:catalog	Каталог	Catalog	Katalog	目录
breadcrumbs:delivery	Доставка	Delivery	Teslimat	送货
breadcrumbs:pay	Оплата	Payment	Ödeme	支付
breadcrumbs:product	Товар	Product	Ürün	产品
breadcrumbs:post	Статья	Article	Madde	文章
home:main.title	<span>Поставка комлектующих</span> для строительных объектов	<span>Supply of components</span> for construction projects	İnşaat projeleri için <span>bileşen tedariği</span>	为建筑项目供应组件</span>
home:main.second	Обеспечим поставку наших товаров в кратчайшие сроки <span>со склада в Москве</span>, или <span>привезем полным контейнером с нашего завода напрямую с Китая</span> на Ваш объект строительства или производства	We will ensure delivery of our goods in the shortest possible time <span>from a warehouse in Moscow</span>, or <span>we will deliver a full container from our factory directly from China</span> to your construction or production site	Ürünlerimizin <span>Moskova'daki bir depodan</span> mümkün olan en kısa sürede teslim edilmesini sağlayacağız veya <span>dolu bir konteyneri doğrudan Çin'den fabrikamızdan</span> inşaatınıza veya üretiminize teslim edeceğiz alan	我们将确保在最短的时间内<span>从莫斯科的仓库交付货物</span>，或者<span>我们将从我们的工厂直接从中国运送完整的集装箱</span>到您的施工或生产地点
home:main.button	Получить коммерческое предложение	Get a commercial offer	Ticari bir teklif alın	获得商业报价
home:main.next	Далее	Next	Sonraki	下一个
home:main.prev	Назад	Back	Geri	后退
home:main.block_first	Более <span>500 тыс единиц товаров</span> на складе	More than <span>500 thousand units of goods</span> in stock	<span>500 binden fazla ürün</span> stokta	库存超过<span>50万件</span>
home:main.block_second	Собственное <span>производство в Китае</span>	Own <span>production in China</span>	<span>Çin'de</span> kendi üretimimiz	<span>在中国自行生产</span>
home:advantages.title	Какие преимущества вы получите <span>сотрудничая с компанией «ВЫСОТА» ?</span>	What benefits will you get by <span>cooperating with the VYSOTA company?</span>	<span>VYSOTA şirketiyle işbirliği yaparak</span> ne gibi avantajlar elde edeceksiniz?	<span>与VYSOTA公司合作您会得到什么好处？</span>
home:advantages.first_block_title	Имеем все необходимые <span>лицензии и допуски</span> <br/>на продукцию	We have all the necessary <span>licenses and approvals</span> <br/>for products	Ürünler için gerekli tüm <span>lisanslara ve onaylara</span> <br/> sahibiz	我们拥有产品所需的所有<span>许可证和批准</span> <br/>
home:advantages.first_block_text	Наша продукция имеет сертификаты и протоколы испытаний, стандарт качества EN74-1/BS1139	Our products have certificates and test reports, quality standard EN74-1/BS1139	Ürünlerimiz EN74-1/BS1139 kalite standardı sertifikalarına ve test raporlarına sahiptir.	我们的产品有证书和测试报告，质量标准EN74-1/BS1139
home:advantages.second_block_title	Мы работаем напрямую<br/> <span>с проверенными зарубежными производителями</span>	We work directly <br/> <span>with proven foreign manufacturers</span>	<br/> <span>Kendini kanıtlamış yabancı üreticilerle</span> doğrudan çalışıyoruz	我们直接<br/><span>与成熟的外国制造商合作</span>
home:advantages.second_block_text	Компания «Высота» (ООО «Уралснабресурс») является производителем строительных лесов в Китае на заводах TYT CO. LTD. Полный ассортимент строительных лесов, опалубки и средств безопасности для строительной и промышленной отрасли.	The Vysota company (Uralsnabresurs LLC) is a manufacturer of scaffolding in China at the TYT CO factories. LTD. A complete range of scaffolding, formwork and safety products for the construction and industrial sectors.	Vysota şirketi (Uralsnabresurs LLC), Çin'deki TYT CO fabrikalarında iskele üreticisidir. LTD. İnşaat ve endüstriyel sektörlere yönelik eksiksiz bir iskele, kalıp ve güvenlik ürünleri yelpazesi.	Vysota 公司 (Uralsnabresurs LLC) 是中国 TYT CO 工厂的脚手架制造商。有限公司适用于建筑和工业领域的全系列脚手架、模板和安全产品。
home:advantages.third_block_title	<span>Широкий ассортимент</span> продукции и система контроля качества	<span>Wide range</span> of products and quality control system	<span>Geniş ürün yelpazesi</span> ve kalite kontrol sistemi	<span>广泛</span>的产品和质量控制体系
home:advantages.third_block_text	Благодаря тесным контактам с другими производителями оборудования на территории России предлагаем клиентам наилучшие решения их задач при минимальных затратах.	Thanks to close contacts with other equipment manufacturers in Russia, we offer clients the best solutions to their problems at minimal costs.	Rusya'daki diğer ekipman üreticileriyle yakın temaslarımız sayesinde müşterilerimize sorunlarına en düşük maliyetlerle en iyi çözümleri sunuyoruz.	由于与俄罗斯其他设备制造商的密切联系，我们能够以最低的成本为客户提供最佳的解决方案。
home:advantages.forth_block_title	Гарантируем <span>лучшую стоимость</span> на рынке	We guarantee <span>the best price</span> on the market	Piyasadaki <span>en iyi fiyatı</span> garanti ediyoruz	我们保证市场上<span>最优惠的价格</span>
home:advantages.forth_block_text	Мы сами производим хомуты и комплектующие на заводах в Китае и Индии, поэтому предлагаем самые доступные цены.	We ourselves produce clamps and components at factories in China and India, so we offer the most affordable prices.	Kelepçe ve bileşenlerini Çin ve Hindistan'daki fabrikalarda kendimiz üretiyoruz, bu nedenle en uygun fiyatları sunuyoruz.	我们自己在中国和印度的工厂生产夹具和组件，因此我们提供最实惠的价格。
form:title	Вам нужен <span>надежный поставщик комплектующих</span> для вашего объекта ?	Do you need a <span>reliable supplier of components</span> for your facility?	Tesisiniz için <span>güvenilir bir bileşen tedarikçisine</span> mi ihtiyacınız var?	您的设施需要<span>可靠的组件供应商</span>吗？
form:text	Оставьте заявку и мы сформируем для вас лучшее предложение в течение 30 минут	Leave a request and we will create the best offer for you within 30 minutes	Bir talep bırakın ve 30 dakika içinde sizin için en iyi teklifi oluşturalım	留下请求，我们将在 30 分钟内为您提供最佳报价
form:placeholder_name	Контактное лицо (ФИО)	Contact person (full name)	İrtibat kurulacak kişi (tam ad)	联系人（全名）
form:placeholder_number	Номер телефона	Phone number	Telefon numarası	电话号码
form:placeholder_activity	Вид деятельности	Type of activity	Faaliyet türü	活动类型
form:placeholder_comment	Напишите комментарий к заявке	Write a comment on the application	Uygulamaya yorum yazın	对应用程序发表评论
form:placeholder_email	E-mail	Email	E-posta	电子邮件
form:placeholder_company_name	Наименование предприятия	Company name	Firma Adı	公司名称
form:consult_button	Заказать консультацию	Order a consultation	Danışmanlık siparişi verin	订购咨询
form:offer_button	Получить коммерческое предложение	Get a commercial offer	Ticari bir teklif alın	获得商业报价
form:get_price	Уточнить цену	Check price	Fiyatı kontrol et	查看价格
form:order_button	Оформить заказ	Place an order	Sipariş ver	下订单
form:confidential	Нажимая кнопку вы соглашаетесь <a>с условиями обработки данных</a>	By clicking the button you agree <a>to the terms of data processing</a>	Düğmeyi tıklayarak <a>veri işleme şartlarını</a> kabul etmiş olursunuz	单击按钮即表示您同意<a>数据处理条款</a>
form:placeholder_entity	Юр. лицо	Legal entity	Tüzel kişilik	法人实体
form:placeholder_card	Карта партнера	Partner card	Ortak kartı	合作伙伴卡
form:get_example	Получить образец	Get a sample	Bir örnek alın	获取样品
form:input_contacts	Введите контактные данные	Enter your contact information	İletişim bilgilerinizi girin	输入您的联系信息
form:placeholder_delivery_address	Адрес доставки	Delivery address	Teslimat adresi	送货地址
form:palceholder_order_comment	Комментарий к заказу	Comments on the order	Siparişle ilgili yorumlar	对订单的评论
form:success.title	Спасибо за заявку	Thanks for your application	Başvurunuz için teşekkürler	感谢您的申请
form:success.text_1	Вы успешно отправили заявку.	You have successfully submitted your application.	Başvurunuzu başarıyla gönderdiniz.	您已成功提交申请。
form:success.text_2	В ближайшее время мы свяжемся с Вами.	We will contact you shortly.	Kısa süre içinde sizinle iletişime geçeceğiz.	我们会尽快与您联系。
home:catalog.title	Каталог <span>комплектующих</span>	Catalog <span>components</span>	Katalog <span>bileşenleri</span>	目录<span>组件</span>
home:catalog.button	Подробнее	More details	Daha fazla ayrıntı	更多详情
home:projects.title	Нам доверяют комплектацию <span>самых ответственных объектов</span>	They trust us to complete the <span>most critical objects</span>	<span>En kritik nesneleri</span> tamamlamamız konusunda bize güveniyorlar	他们相信我们能够完成<span>最关键的目标</span>
home:projects.project1_title	Строительство Амурского Газоперерабатывающий завода	Construction of the Amur Gas Processing Plant	Amur Gaz İşleme Tesisi İnşaatı	阿穆尔州天然气处理厂建设
home:projects.project1_city	г. Свободный	Svobodny	Svobodnıy	斯沃博德内
home:projects.project1_text	Поставка строительных лесов, опалубки и комплектующих, 2021-2027г. Поставка строительных лесов, опалубки	Supply of scaffolding, formwork and components, 2021-2027. Supply of scaffolding, formwork	İskele, kalıp ve bileşenlerin temini, 2021-2027. İskele, kalıp temini	脚手架、模板和组件供应，2021 年至 2027 年。供应脚手架、模板
home:projects.project2_title	Строительство промышленного комплекса "Тобольск Полимер"	Construction of the industrial complex "Tobolsk Polymer"	"Tobolsk Polimeri" sanayi kompleksinin inşaatı	建设“托博尔斯克聚合物”工业园区
home:projects.project2_city	г. Тобольск	Tobolsk	Tobolsk	托博尔斯克
home:projects.project2_text	Поставка хомутов и комплектующих к строительным лесам 20ХХ г.	Supply of clamps and components for scaffolding in 20XX.	20XX'te iskele için kelepçe ve bileşenlerin temini.	20XX年供应脚手架的夹具和组件。
home:projects.project3_title	Строительство промышленного комплекса "Ямал СПГ"	Construction of the Yamal LNG industrial complex	Yamal LNG sanayi kompleksinin inşaatı	亚马尔液化天然气工业园区建设
home:projects.project3_city	полуостров Ямал	Yamal Peninsula	Yamal Yarımadası	亚马尔半岛
home:projects.project3_text	Поставка хомутов и комплектующих к строительным лесам 2018 г.	Supply of clamps and components for scaffolding in 2018.	2018 yılında iskele kelepçeleri ve bileşenlerinin temini.	2018年供应脚手架夹具和组件。
home:projects.project4_title	Строительство комплекса "Арктитк СПГ-2"	Construction of the Arctic LNG-2 complex	Arktik LNG-2 kompleksinin inşaatı	北极 LNG-2 综合设施的建设
home:projects.project4_city	г. Мурманск	Murmansk	Murmansk	摩尔曼斯克
home:projects.project4_text	Поставка хомутов и комплектующих к строительным лесам 2019-2021 г.	Supply of clamps and components for scaffolding 2019-2021.	İskele için kelepçe ve bileşen temini 2019-2021.	2019-2021 年供应脚手架夹具和组件。
home:projects.project5_title	Строительство Газопровода "Ямал-Европа-2"	Construction of the Yamal-Europe-2 gas pipeline	Yamal-Avrupa-2 gaz boru hattının inşaatı	亚马尔-欧洲2号天然气管道建设
home:projects.project5_city				
home:projects.project5_text	Поставка хомутов и комплектующих к строительным лесам 2019 г.	Supply of clamps and components for scaffolding in 2019	2019 yılında iskele için kelepçe ve bileşen tedariği	2019年脚手架夹具及组件供应情况
home:projects.project6_title	Освоение Харампурского месторождения	Development of the Kharampurskoye field	Kharampurskoye sahasının gelişimi	Kharampurskoye 油田的开发
home:projects.project6_city	ЯНАО	Yamalo-Nenets Autonomous Okrug	Yamalo-Nenets Özerk Okrugu	亚马尔-涅涅茨自治州
home:projects.project6_text	Поставка Шпунта Ларсена и лесоматериала 2020-2021 г.	Supply of Larsen sheet pile and timber 2020-2021	Larsen palplanş ve kereste temini 2020-2021	2020-2021年拉森板桩和木材的供应
home:projects.project7_title	Строительство Омского НПЗ	Construction of the Omsk Refinery	Omsk Rafinerisi İnşaatı	鄂木斯克炼油厂建设
home:projects.project7_city	г. Омск	Omsk	Omsk	鄂木斯克
home:projects.project7_text	Поставка строительных лесов и комплектующих. 2018-2021г.	Supply of scaffolding and components. 2018-2021	İskele ve bileşenlerin temini. 2018-2021	供应脚手架和组件。 2018-2021
home:projects.project8_title	Строительство НПЗ в Нижнем Новгороде	Construction of a refinery in Nizhny Novgorod	Nizhny Novgorod'da rafineri inşaatı	下诺夫哥罗德炼油厂建设
home:projects.project8_city	г. Нижний Новгород	Nizhny Novgorod	Nijniy Novgorod	下诺夫哥罗德
home:projects.project8_text	Поставка строительных лесов и комплектующих, 2018-2022г.	Supply of scaffolding and components, 2018-2022.	İskele ve bileşen temini, 2018-2022.	脚手架和组件供应，2018-2022 年。
home:projects.project9_title	Строительство дожимной компрессорной станции на о.Сахалин	Construction of a booster compressor station on Sakhalin Island	Sakhalin Adası'nda hidrofor kompresör istasyonu inşaatı	萨哈林岛增压压缩机站建设
home:projects.project9_city	о. Сахалин	O. Sakhalin	O. Sakhalin	O·萨哈林岛
home:projects.project9_text	Поставка строительных лесов и комплектующих, 2019г.	Supply of scaffolding and components, 2019.	İskele ve bileşenlerinin temini, 2019.	脚手架和组件供应，2019 年。
home:projects.project10_title	Строительство Амурского газохимического комплекса	Construction of the Amur gas chemical complex	Amur gaz kimyasal kompleksinin inşaatı	阿穆尔天然气化工联合体建设
home:projects.project10_city	г. Свободный	Svobodny	Svobodnıy	斯沃博德内
home:projects.project10_text	Поставка строительных лесов, труб, опалубки и комплектующих, 2021-2024г.	Supply of scaffolding, pipes, formwork and components, 2021-2024.	İskele, boru, kalıp ve bileşen temini, 2021-2024.	供应脚手架、管道、模板和组件，2021 年至 2024 年。
home:projects.project11_title	Строительство Иркутского завода полимеров	Construction of the Irkutsk Polymer Plant	Irkutsk Polimer Fabrikası İnşaatı	伊尔库茨克聚合物工厂建设
home:projects.project11_city	г. Иркутск	Irkutsk	İrkutsk	伊尔库茨克
home:projects.project11_text	Поставка строительных лесов, труб, опалубки и комплектующих, 2023г.	Supply of scaffolding, pipes, formwork and components, 2023.	İskele, boru, kalıp ve bileşenlerin temini, 2023.	供应脚手架、管道、模板和部件，2023 年。
home:projects.project12_title	Строительство Балтийского газохимического комплекса	Construction of the Baltic gas chemical complex	Baltık gaz kimyası kompleksinin inşaatı	波罗的海天然气化工厂建设
home:projects.project12_city	г. Кингисепп	Kingisepp	Kingisepp	金吉谢普
home:projects.project12_text	Поставка строительных лесов и комплектующих, 2018-2022г.	Supply of scaffolding and components, 2018-2022.	İskele ve bileşen temini, 2018-2022.	脚手架和组件供应，2018-2022 年。
home:delivery.title	Доставка <span>в любую точку</span> России и стран СНГ	Delivery <span>to any point</span> in Russia and CIS countries	Rusya ve BDT ülkelerinde <span>her noktaya</span> teslimat	送货至俄罗斯和独联体国家<span>任何地点</span>
home:delivery.text	Обеспечим поставку наших товаров в кратчайшие сроки со склада в Москве, или привезем из Китая.	We will ensure delivery of our goods as soon as possible from a warehouse in Moscow, or we will bring them from China.	Mallarımızın Moskova'daki bir depodan en kısa sürede teslim edilmesini sağlayacağız veya Çin'den getireceğiz.	我们将确保尽快从莫斯科的仓库交付我们的货物，或者我们将从中国运来。
home:reputation.title	Надежная <span>репутация</span>, проверенная временем	Reliable <span>reputation</span>, time-tested	Güvenilir <span>itibar</span>, zaman içinde test edilmiştir	可靠的<span>声誉</span>，经过时间考验
home:reputation.block1_title	Участник реестра добросовестных поставщиков с 2010 года.	Member of the register of bona fide suppliers since 2010.	2010'dan bu yana iyi niyetli tedarikçiler siciline üye.	自 2010 年起成为诚信供应商名册成员。
home:reputation.block1_text	Мы более 14 лет входим в реестр добросовестных поставщиков	We have been included in the register of bona fide suppliers for more than 14 years	14 yılı aşkın bir süredir iyi niyetli tedarikçiler listesine dahil edildik	我们被列入诚信供应商名册已超过 14 年
home:reputation.block2_title	Поставляли комплектующие на ведущие стройки страны	We supplied components to the country's leading construction sites	Ülkenin önde gelen şantiyelerine bileşen tedarik ettik	我们为该国领先的建筑工地提供组件
home:reputation.block2_text	Поставляем хомуты и комплектующие для строительных лесов и опалубки на ведущие стройки страны, в их числе Амурский ГПЗ, Ямал СПГ, Тобольск Полимер, Газопровод в ЯМАО, Комплекс Арктик СПГ-2, Харампурское месторождение.	We supply clamps and components for scaffolding and formwork to the country's leading construction projects, including the Amur Gas Processing Plant, Yamal LNG, Tobolsk Polymer, Gas Pipeline in the Yamal Autonomous Okrug, Arctic LNG-2 Complex, Kharampurskoye Field.	Amur Gaz İşleme Tesisi, Yamal LNG, Tobolsk Polimer, Yamal Özerk Okrugu'ndaki Gaz Boru Hattı, Arktik LNG-2 Kompleksi, Kharampurskoye Sahası dahil olmak üzere ülkenin önde gelen inşaat projelerine iskele ve kalıp için kelepçeler ve bileşenler tedarik ediyoruz.	我们为该国领先的建筑项目提供脚手架和模板的夹具和组件，包括阿穆尔天然气处理厂、亚马尔液化天然气、托博尔斯克聚合物、亚马尔自治区天然气管道、北极液化天然气-2 综合设施、Kharampurskoye 油田。
home:reputation.block3_title	Широкий ассортимент продукции и система контроля качества	Wide range of products and quality control system	Geniş ürün yelpazesi ve kalite kontrol sistemi	广泛的产品和质量控制体系
home:reputation.block3_text	Нам доверяют комплектацию своих строительных объектов такие компании как Газпром, Tekfen Construction, ИНТЕР РАО, Yamata, СИБУР, Renaissance construction, Велесстрой и многие другие.	Such companies as Gazprom, Tekfen Construction, INTER RAO, Yamata, SIBUR, Renaissance construction, Velesstroy and many others trust us to complete their construction projects.	Gazprom, Tekfen İnşaat, INTER RAO, Yamata, SIBUR, Renaissance inşaat, Velesstroy gibi birçok firma inşaat projelerini tamamlamak için bize güveniyor.	俄罗斯天然气工业股份公司 (Gazprom)、Tekfen Construction、INTER RAO、Yamata、SIBUR、Renaissance Construction、Velesstroy 等许多公司信任我们来完成他们的建设项目。
home:reputation.block4_title	3 Склада на территории РФ	3 Warehouses in the Russian Federation	Rusya Federasyonu'nda 3 Depo	俄罗斯联邦3个仓库
home:reputation.block4_text	Мы имеем 3 складских помещения в РФ что помогает нам обеспечивать доставку в кратчайшие сроки	We have 3 warehouses in the Russian Federation, which helps us ensure delivery in the shortest possible time	Rusya Federasyonu'nda mümkün olan en kısa sürede teslimatı sağlamamıza yardımcı olan 3 depomuz var	我们在俄罗斯联邦拥有3个仓库，这有助于我们确保在最短的时间内交货
home:gov_clients.title	Осуществляем комплектации объектов <span>крупнейших мировых компаний	We carry out complete sets of objects of <span>the world's largest companies	<span>Dünyanın en büyük şirketlerinin komple nesne setlerini gerçekleştiriyoruz	我们承接<span>世界最大公司的成套物品
home:thank_letters.title	Благодарственные письма	Letters of gratitude	Şükran mektupları	感谢信
about_section:title	Компания «Высота» - <span>ведущий поставщик</span> <br/>В РФ и СНГ <span>строительных лесов и опалубки</span>	The Vysota company is a <span>leading supplier</span> <br/>In the Russian Federation and the CIS <span>scaffolding and formwork</span>	Vysota şirketi, Rusya Federasyonu ve BDT <span>iskele ve kalıp</span> <span>lider tedarikçisi</span> konumundadır.	Vysota 公司是俄罗斯联邦和独联体<span>脚手架和模板</span><span>领先的供应商</span>
about_section:text	Мы производим комплектующие на крупнейших заводах в Китае, что позволяет нам предложить лучшие цены на рынке на нашу продукцию. Комплектующие производятся на современном оборудовании.	We produce components at the largest factories in China, which allows us to offer the best prices on the market for our products. Components are produced on modern equipment.	Bileşenleri Çin'deki en büyük fabrikalarda üretiyoruz, bu da ürünlerimiz için piyasadaki en iyi fiyatları sunmamıza olanak sağlıyor. Bileşenler modern ekipmanlarda üretilmektedir.	我们在中国最大的工厂生产零部件，这使我们能够为我们的产品提供市场上最优惠的价格。部件是在现代化设备上生产的。
about_section:video	Смотрите видео о нас	Watch the video about us	Hakkımızdaki videoyu izleyin	观看有关我们的视频
about_section:block1_type	единиц товаров	units of goods	mal birimleri	商品单位
about_section:block1_text	Хомутов и комплектующих в наличии на складах в Москве	Clamps and components available in warehouses in Moscow	Kelepçeler ve bileşenler Moskova'daki depolarda mevcuttur	莫斯科仓库提供夹具和组件
about_section:block2_type	тонн	tons	ton	吨
about_section:block2_text	Общий вес складского запаса	Total weight of warehouse stock	Depo stoğunun toplam ağırlığı	仓库库存总重
about_section:block3_type	Постоянных партнеров	Regular partners	Düzenli ortaklar	固定合作伙伴
about_section:block3_text	Мы имеем партнерские отношения с более 150 предприятиями на територии РФ и СНГ	We have partnerships with more than 150 enterprises in the Russian Federation and the CIS	Rusya Federasyonu ve BDT'de 150'den fazla işletmeyle ortaklığımız var	我们与俄罗斯联邦和独联体国家的 150 多家企业建立了合作伙伴关系
about_section:block4_type	Производственных линий	Production lines	Üretim hatları	生产线
about_section:block4_text	На нашем производстве имеется 14 производственных линий оснащеных передовым оборудованием	Our production has 14 production lines equipped with advanced equipment	Üretimimiz gelişmiş ekipmanlarla donatılmış 14 üretim hattına sahiptir.	我们的生产拥有14条生产线，配备先进的设备
map:title	Где мы находимся	Where are we located	Nerede bulunuyoruz	我们位于哪里
map:address	Адрес	Address	Adres	地址
map:number	Номер телефона	Phone number	Telefon numarası	电话号码
map:schedule	Режим работы	Operating mode	Çalışma modu	运行模式
map:subscribe	Подписывайтесь на наши соцсети	Subscribe to our social networks	Sosyal ağlarımıza abone olun	订阅我们的社交网络
footer:logo_text	Поставка комплектующих для строительных объектов	Supply of components for construction projects	İnşaat projeleri için bileşen tedariği	为建筑项目供应零部件
footer:text_us	Пишите нам в мессенджеры	Write to us in messengers	Bize mesaj yoluyla yazın	通过 Messenger 给我们写信
footer:mail	Почта	Mail	Posta	邮件
footer:mail_us	Пишите письма, Ждем Ваши заявки и проекты на просчет, рады будем ответить Вам	Write emails, send us your projects, we will be happy to answer you	E-posta yazın, projelerinizi bize gönderin, size cevap vermekten mutluluk duyarız	写电子邮件，将您的项目发送给我们，我们将很乐意回复您
footer:mail_commercial	Для коммерческих предложений	For commercial offers	Ticari teklifler için	对于商业优惠
footer:mail_director	Написать руководителю	Write to the manager	Yöneticiye yaz	写信给经理
footer:copyright1	Все права защищены	All rights reserved	Her hakkı saklıdır	版权所有
footer:copyright2	При копировании обязательна ссылка на сайт	When copying, a link to the site is required	Kopyalarken siteye bir bağlantı gereklidir	复制时需要提供网站链接
footer:confid	Политика конфиденциальности	Privacy Policy	Gizlilik Politikası	隐私政策
footer:user_agreement	Пользовательское соглашение	User Agreement	Kullanıcı Sözleşmesi	用户协议
footer:site_maker	Сайт разработан командой	Website developed by team	Ekip tarafından geliştirilen web sitesi	网站由团队开发
footer:send_mail	Отправить письмо	Send email	E-posta gönder	发送电子邮件
common:address	г. Уфа ул. Менделеева  132/1 офис 5	Ufa st. Mendeleeva 132/1 office 5	Ufa st. Mendeleeva 132/1 ofis 5	乌法街门捷列娃 132/1 办公室 5
common:schedule	<span>Пн-Пт, с 09:00 до 18:00,</span><span>Сб-Вс, Выходной</span>	<span>Mon-Fri, from 09:00 to 18:00,</span><span>Sat-Sun, Closed</span>	<span>Pzt-Cum, 09:00 - 18:00,</span><span>Cumartesi-Paz, Kapalı</span>	<span>周一至周五，09:00 至 18:00，</span><span>周六至周日，休息</span>
common:city	г. Уфа	Ufa	Ufa	乌法
common:office_ufa	Офис Уфа	Ufa office	Ufa ofisi	乌法办事处
common:schedule_workweek	Пн-Пт, с 09:00 до 18:00	Mon-Fri, from 09:00 to 18:00	Pazartesi-Cuma, 09:00 - 18:00	周一至周五，09:00 至 18:00
common:schedule_weekend	Сб-Вс, Выходной	Sat-Sun, Closed	Cmt-Paz, Kapalı	周六至周日，休息
common:tel	Телефон	Telephone	Telefon	电话
common:show_more	Читать дальше	Read more	Devamını oku	阅读更多
about:main.title	О компании - Высота	About the company - Height	Şirket hakkında - Yükseklik	关于公司 - 高度
about:main.text	Ваш надежный поставщик комплектующих для строительных объектов	Your reliable supplier of components for construction projects	İnşaat projeleri için güvenilir bileşen tedarikçiniz	您可靠的建筑项目组件供应商
about:main.bullet_1	Более <span>500 тысяч единиц товаров</span> на складах	More than <span>500 thousand units of goods</span> in warehouses	Depolarda <span>500 bin birimden fazla mal</span>	仓库内货物超过<span>50万件</span>
about:main.bullet_2	Собственное <span>производство в Китае</span>	Own <span>production in China</span>	<span>Çin'de</span> kendi üretimimiz	<span>在中国自行生产</span>
about:main.more_about	Подробнее о компании	More about the company	Şirket hakkında daha fazla bilgi	关于公司的更多信息
about:company.title	ВЫСОТА это надежная компания по комплектации вашего объекта	HEIGHT is a reliable company for completing your facility	HEIGHT tesisinizi tamamlamak için güvenilir bir şirkettir	HEIGHT 是一家值得信赖的公司，可帮助您完善设施
about:company.text	Компания «Высота» является ведущим поставщиком в России и странах СНГ строительных лесов и опалубки, а также комплектующих к ним. Мы производим комплектующие на крупнейших заводах в Китае, что позволяет нам предложить лучшие цены на рынке на нашу продукцию. <br /> <br /> Комплектующие производятся на современном оборудовании. Для эффективной защиты от коррозии обрабатываются методом гальванического цинкования. Вся продукция соответствует российским и международным стандартам качества, имеет неограниченный срок службы. <br /> <br /> Наш складской комплекс находится в г. Москва в непосредственной близости от МКАД, что обеспечивает транспортную доступность и высокую скорость отправки заказов. Продукция в большом ассортименте находится в наличии на наших складах.	The Vysota company is a leading supplier in Russia and the CIS countries of scaffolding and formwork, as well as components for them. We produce components at the largest factories in China, which allows us to offer the best prices on the market for our products. <br /> <br /> Components are produced using modern equipment. For effective protection against corrosion, they are treated with galvanic galvanizing. All products comply with Russian and international quality standards and have an unlimited service life. <br /> <br /> Our warehouse complex is located in Moscow in close proximity to the Moscow Ring Road, which ensures transport accessibility and high speed of sending orders. A wide range of products are available in our warehouses.	Vysota şirketi, Rusya ve BDT ülkelerinde iskele ve kalıpların yanı sıra bunlara yönelik bileşenlerin de lider tedarikçisidir. Bileşenleri Çin'deki en büyük fabrikalarda üretiyoruz, bu da ürünlerimiz için piyasadaki en iyi fiyatları sunmamıza olanak sağlıyor. <br /> <br /> Bileşenler modern ekipmanlar kullanılarak üretilmektedir. Korozyona karşı etkili koruma sağlamak için galvanik galvanizleme işlemine tabi tutulur. Tüm ürünler Rus ve uluslararası kalite standartlarına uygundur ve sınırsız hizmet ömrüne sahiptir. <br /> <br /> Depo kompleksimiz Moskova'da, nakliyeye erişilebilirlik ve siparişlerin yüksek hızda gönderilmesini sağlayan Moskova Çevre Yolu'nun yakınında bulunmaktadır. Depolarımızda geniş bir ürün yelpazesi mevcuttur.	Vysota 公司是俄罗斯和独联体国家脚手架和模板及其组件的领先供应商。我们在中国最大的工厂生产零部件，这使我们能够为我们的产品提供市场上最优惠的价格。 <br /> <br /> 部件采用现代化设备生产。为了有效防止腐蚀，它们经过镀锌处理。所有产品均符合俄罗斯和国际质量标准，并具有无限的使用寿命。 <br /> <br /> 我们的仓库综合体位于莫斯科，紧邻莫斯科环路，保证了交通的畅达和订单发送的高速。我们的仓库备有多种产品。
about:company.blocks_title	Ценности компании	Company values	Şirket değerleri	公司价值观
about:company.block_1_title	Надежная команда	Reliable team	Güvenilir ekip	可靠的团队
about:company.block_1_text	Основная цель Компании — оперативное, качественное обеспечение крупнейших промышленных строительных площадок по всей России и странам СНГ строительным оборудованием	The main goal of the Company is prompt, high-quality provision of the largest industrial construction sites throughout Russia and the CIS countries with construction equipment	Şirketin ana hedefi, Rusya ve BDT ülkelerindeki en büyük endüstriyel şantiyelerin inşaat ekipmanlarıyla hızlı ve yüksek kalitede tedarik edilmesidir.	公司的主要目标是为俄罗斯和独联体国家最大的工业建筑工地提供及时、高质量的建筑设备
about:company.block_2_title	Ответственность	Responsibility	Sorumluluk	责任
about:company.block_2_text	Взаимодействие Компании с партнерами базируется на высокой степени доверия и безопасности на высоте. Эти принципы, подкрепленные широким ассортиментом, гибкой политикой ценообразования, высокими стандартами сервиса	The Company’s interaction with partners is based on a high degree of trust and security at its highest level. These principles, supported by a wide range, flexible pricing policy, high standards of service	Şirketin ortaklarıyla etkileşimi, en üst düzeyde güven ve güvenliğe dayanmaktadır. Bu ilkeler, geniş yelpaze, esnek fiyat politikası, yüksek hizmet standartları ile desteklenmektedir.	公司与合作伙伴的互动建立在最高水平的高度信任和安全之上。这些原则得到了广泛、灵活的定价政策、高标准的服务的支持
about:company.block_3_title	Безопасность	Safety	Emniyet	安全
about:company.block_3_text	Мы существуем, чтобы строительство было безопасным, быстрым и качественным. Мы ежедневно стремимся стать надежным партнером и предоставить наилучшее обслуживание своим заказчикам.	We exist to ensure that construction is safe, fast and of high quality. We strive every day to become a reliable partner and provide the best service to our customers.	İnşaatın güvenli, hızlı ve kaliteli olmasını sağlamak için varız. Güvenilir bir ortak olmak ve müşterilerimize en iyi hizmeti sunmak için her gün çabalıyoruz.	我们的存在是为了确保施工安全、快速和高质量。我们每天都努力成为值得信赖的合作伙伴，并为客户提供最好的服务。
about:company.block_4_title	Проффесионализм	Professionalism	Profesyonellik	专业精神
about:company.block_4_text	Знание своей специальности, ответственное и добросовестное отношение к обязанностям, качественное и своевременное выполнение поставленных задач, и совершенствование профессионального уровня.	Knowledge of one’s specialty, responsible and conscientious attitude to responsibilities, high-quality and timely completion of assigned tasks, and improvement of professional level.	Uzmanlık alanı bilgisi, sorumluluklara karşı sorumlu ve vicdani tutum, verilen görevlerin yüksek kalitede ve zamanında tamamlanması ve mesleki seviyenin geliştirilmesi.	熟悉专业知识，认真负责，认真负责，高质量、及时完成交给的任务，提高业务水平。
about:director.title	Здравствуйте! Меня зовут Мамлиев Ильшат Римович, от себя могу сказать, что	Hello! My name is Mamliev Ilshat Rimovich, from myself I can say that	Merhaba! Benim adım Mamliev Ilshat Rimovich, kendi adıma şunu söyleyebilirim	你好！我的名字是马姆利耶夫·伊尔沙特·里莫维奇，我可以说
about:director.text	Наша миссия - обеспечить строительную отрасль высококачественными комплектующими для строительных лесов и опалубки, способствуя безопасности, надежности и эффективности строительных проектов. Мы стремимся к постоянному совершенствованию наших продуктов, предоставляя клиентам инновационные решения, экономическую выгоду и высокий уровень сервиса.	Our mission is to provide the construction industry with high quality scaffolding and formwork components, contributing to the safety, reliability and efficiency of construction projects. We strive to continuously improve our products, providing customers with innovative solutions, economic benefits and a high level of service.	Misyonumuz inşaat sektörüne yüksek kaliteli iskele ve kalıp bileşenleri sağlayarak inşaat projelerinin güvenliğine, güvenilirliğine ve verimliliğine katkıda bulunmaktır. Müşterilerimize yenilikçi çözümler, ekonomik faydalar ve yüksek düzeyde hizmet sunarak ürünlerimizi sürekli iyileştirmeye çalışıyoruz.	我们的使命是为建筑行业提供高品质的脚手架和模板组件，为建筑项目的安全、可靠和高效做出贡献。我们努力不断改进我们的产品，为客户提供创新的解决方案、经济效益和高水平的服务。
about:director.goal	Наша цель - быть надежным партнером для наших клиентов, превосходя их ожидания и способствуя их успеху в строительной деятельности.	Our goal is to be a reliable partner for our clients, exceeding their expectations and contributing to their success in their construction activities.	Amacımız, müşterilerimiz için güvenilir bir ortak olmak, beklentilerini aşmak ve inşaat faaliyetlerindeki başarılarına katkıda bulunmaktır.	我们的目标是成为客户可靠的合作伙伴，超越他们的期望并为他们的建筑活动取得成功做出贡献。
about:director.name	Ильшат Римович	Ilshat Rimovich	İlşat Rimoviç	伊尔沙特·里莫维奇
about:director.position	Директор компании	Director of the company	Şirketin yöneticisi	公司董事
about:director.block_1_title	Крупный, надежный поставщик строительного оборудования	Large, reliable supplier of construction equipment	Büyük, güvenilir inşaat ekipmanı tedarikçisi	大型、可靠的建筑设备供应商
about:director.block_1_text	Сайт рыбатекст поможет дизайнеру, верстальщику, вебмастеру сгенерировать несколько абзацев более менее осмысленного текста рыбы на русском языке, а начинающему	The fishtext website will help the designer, layout designer, webmaster to generate several paragraphs of more or less meaningful fish text in Russian, and the beginner	Fishtext web sitesi, tasarımcıya, düzen tasarımcısına, web yöneticisine, Rusça'da az çok anlamlı balık metni içeren birkaç paragraf oluşturmada ve yeni başlayanlara yardımcı olacaktır.	Fishtext网站将帮助设计师、布局设计师、网站管理员用俄语生成几段或多或少有意义的鱼文本，以及初学者
about:director.block_2_title	Крупный, надежный поставщик строительного оборудования	Large, reliable supplier of construction equipment	Büyük, güvenilir inşaat ekipmanı tedarikçisi	大型、可靠的建筑设备供应商
about:director.block_2_text	Сайт рыбатекст поможет дизайнеру, верстальщику, вебмастеру сгенерировать несколько абзацев более менее осмысленного текста рыбы на русском языке, а начинающему	The fishtext website will help the designer, layout designer, webmaster to generate several paragraphs of more or less meaningful fish text in Russian, and the beginner	Fishtext web sitesi, tasarımcıya, düzen tasarımcısına, web yöneticisine, Rusça'da az çok anlamlı balık metni içeren birkaç paragraf oluşturmada ve yeni başlayanlara yardımcı olacaktır.	Fishtext网站将帮助设计师、布局设计师、网站管理员用俄语生成几段或多或少有意义的鱼文本，以及初学者
about:director.block_3_title	Крупный, надежный поставщик строительного оборудования	Large, reliable supplier of construction equipment	Büyük, güvenilir inşaat ekipmanı tedarikçisi	大型、可靠的建筑设备供应商
about:director.block_3_text	Сайт рыбатекст поможет дизайнеру, верстальщику, вебмастеру сгенерировать несколько абзацев более менее осмысленного текста рыбы на русском языке, а начинающему	The fishtext website will help the designer, layout designer, webmaster to generate several paragraphs of more or less meaningful fish text in Russian, and the beginner	Fishtext web sitesi, tasarımcıya, düzen tasarımcısına, web yöneticisine, Rusça'da az çok anlamlı balık metni içeren birkaç paragraf oluşturmada ve yeni başlayanlara yardımcı olacaktır.	Fishtext网站将帮助设计师、布局设计师、网站管理员用俄语生成几段或多或少有意义的鱼文本，以及初学者
about:command.title	Команда из 35 сотрудников, минимальный стаж работы каждого специалиста 6 + лет	A team of 35 employees, the minimum work experience of each specialist is 6+ years	35 çalışandan oluşan bir ekip, her uzmanın minimum iş deneyimi 6+ yıldır	团队35人，每位专家最低工作经验6年以上
about:command.text	Комплектующие производятся на современном оборудовании. Для эффективной защиты от коррозии обрабатываются методом гальванического цинкования. Вся продукция соответствует российским и международным стандартам качества, имеет неограниченный срок службы.	Components are produced on modern equipment. For effective protection against corrosion, they are treated with galvanic galvanizing. All products comply with Russian and international quality standards and have an unlimited service life.	Bileşenler modern ekipmanlarda üretilmektedir. Korozyona karşı etkili koruma sağlamak için galvanik galvanizleme işlemine tabi tutulur. Tüm ürünler Rus ve uluslararası kalite standartlarına uygundur ve sınırsız hizmet ömrüne sahiptir.	部件是在现代化设备上生产的。为了有效防止腐蚀，它们经过镀锌处理。所有产品均符合俄罗斯和国际质量标准，并具有无限的使用寿命。
about:prod.title	Компания «Высота» (ООО «Уралснабресурс») является производителем строительных лесов в Китае на заводах TYT CO. LTD	The Vysota company (Uralsnabresurs LLC) is a manufacturer of scaffolding in China at the TYT CO factories. LTD	Vysota şirketi (Uralsnabresurs LLC), Çin'deki TYT CO fabrikalarında iskele üreticisidir. LTD.ŞTİ	Vysota 公司 (Uralsnabresurs LLC) 是中国 TYT CO 工厂的脚手架制造商。有限公司
about:prod.text	TYT CO. LTD разрабатывает и предлагает решения для ваших проектов. Полный ассортимент строительных лесов, опалубки и средств безопасности для строительной и промышленной отрасли.<br/><br/>Как профессиональный производитель строительных лесов, особенно поставщик проектных решений, TYT CO. LTD может поставлять клиентам ряд систем строительных лесов, которые могут соответствовать Вашим отраслям и применениям. Неважно, трубчатые, модульные или опалубочные системы, все они могут быть интегрированы с системами строительных лесов TYT CO. LTD.<br/><br/>Более 90% нашей продукции экспортируется в Европу, Северную Америку, Южную Америку, Австралию и Средний Восток, с местными сертификатами качества в соответствии с требованиями клиентов. Так же, как протокол испытаний хомутов EN74, сертификат систем SGS, и протколы испытаний строительных лесов AS / NZS 1576.<br/><br/>Tianjin TianYingTai Steel Pipe Co., Ltd., основанная в 2007 году, является профессиональным предприятием, занимающимся производством стальных труб.<br/><br/>Компания располагает 14 линиями по производству различных типов оцинкованных стальных труб, 10 линиями по производству стальных труб глубокой переработки и 2 линиями по производству горячего цинкования для защиты окружающей среды с годовым объемом производства более 600000 тонн оцинкованных стальных труб различных типов.<br/><br/>Наша продукция включает в себя полные наборы систем лесов: Модульные, системы Чашечные, системы Рамные, системы лесов Штыревые, различных видов хомутов и аксессуаров для лесов, опор для крепления и опалубки и многоедругое.<br/><br/>У нас есть собственные физико-химические лаборатории для проверки химического состава сырья для строительных лесов, физических свойств продуктов. Для обеспечения того, чтобы строительные леса соответствовали стандарту качества 100% от производства до доставки.	TYT CO. LTD develops and offers solutions for your projects. A complete range of scaffolding, formwork and safety products for the construction and industrial sectors.<br/><br/>As a professional scaffolding manufacturer, especially a project solution provider, TYT CO. LTD can supply customers with a range of scaffolding systems that can suit your industries and applications. No matter tubular, modular or formwork systems, they can all be integrated with TYT CO scaffolding systems. LTD.<br/><br/>More than 90% of our products are exported to Europe, North America, South America, Australia and the Middle East, with local quality certificates according to customers' requirements. As well as EN74 clamp test report, SGS systems certificate, and AS/NZS 1576 scaffolding test report.<br/><br/>Tianjin TianYingTai Steel Pipe Co., Ltd., founded in 2007, is a professional enterprise, engaged in the production of steel pipes.<br/><br/>The company has 14 production lines for various types of galvanized steel pipes, 10 deep-processing steel pipe production lines and 2 hot-dip galvanizing production lines for environmental protection, with an annual production capacity of more than 600,000 tons of galvanized steel pipes of various types.<br/><br/>Our products include complete sets of scaffolding systems: Modular, Cup systems, Frame systems, Pin scaffolding systems, various types of clamps and accessories for scaffolding, supports for fastening and formwork and much more.<br/><br/>We have our own physical and chemical laboratories to test the chemical composition of raw materials for scaffolding and the physical properties of products. To ensure that scaffolding meets 100% quality standard from production to delivery.	TYT CO. LTD, projeleriniz için çözümler geliştirir ve sunar. İnşaat ve endüstriyel sektörlere yönelik eksiksiz bir iskele, kalıp ve güvenlik ürünleri yelpazesi.<br/><br/>Profesyonel bir iskele üreticisi, özellikle bir proje çözümü sağlayıcısı olarak TYT CO. LTD, müşterilerine çeşitli iskele sistemleri tedarik edebilir. sektörlerinize ve uygulamalarınıza uygun olabilir. Borulu, modüler veya kalıp sistemleri fark etmez, hepsi TYT CO iskele sistemlerine entegre edilebilir. LTD.<br/><br/>Ürünlerimizin %90'dan fazlası, müşterilerin gereksinimlerine göre yerel kalite sertifikalarıyla Avrupa, Kuzey Amerika, Güney Amerika, Avustralya ve Orta Doğu'ya ihraç edilmektedir. EN74 kelepçe test raporu, SGS sistem sertifikası ve AS/NZS 1576 iskele test raporunun yanı sıra.<br/><br/>2007 yılında kurulan Tianjin TianYingTai Steel Pipe Co., Ltd., profesyonel bir kuruluştur. çelik boru üretimi.<br/><br/>Şirketin çeşitli tiplerde galvanizli çelik borular için 14 üretim hattı, 10 derin işleme çelik boru üretim hattı ve çevreyi korumaya yönelik 2 sıcak daldırma galvaniz üretim hattı bulunmaktadır. yıllık 600.000 tonun üzerinde çeşitli tiplerde galvanizli çelik boru üretim kapasitesi.<br/><br/>Ürünlerimiz komple iskele sistemleri setlerini içerir: Modüler, Kupa sistemleri, Çerçeve sistemleri, Pimli iskele sistemleri, çeşitli tiplerde kelepçeler ve iskele aksesuarları, sabitleme ve kalıp destekleri ve çok daha fazlası.<br/><br/>İskele ham maddelerinin kimyasal bileşimini ve ürünlerin fiziksel özelliklerini test etmek için kendi fiziksel ve kimyasal laboratuvarlarımıza sahibiz. İskelenin üretimden teslimata kadar %100 kalite standardını karşılamasını sağlamak.	TYT CO. LTD 为您的项目开发并提供解决方案。为建筑和工业领域提供全系列的脚手架、模板和安全产品。<br/><br/>作为专业的脚手架制造商，特别是项目解决方案提供商，TYT CO. LTD 可以为客户提供一系列的脚手架系统适合您的行业和应用。无论是管状、模块化还是模板系统，它们都可以与 TYT CO 脚手架系统集成。 <br/><br/>我们的产品90%以上出口到欧洲、北美、南美、澳大利亚和中东，并根据客户的要求提供当地的质量证书。以及EN74卡箍测试报告、SGS体系证书、AS/NZS 1576脚手架测试报告。<br/><br/>天津天英泰钢管有限公司成立于2007年，是一家专业从事<br/><br/>公司拥有各类镀锌钢管生产线14条，深加工钢管生产线10条，环保热镀锌生产线2条，拥有年生产能力超过60万吨各类镀锌钢管。<br/><br/>我们的产品包括成套脚手架系统：模块式、杯式系统、框架系统、销式脚手架系统、各类夹件和<br/><br/>我们拥有自己的理化实验室，可以测试脚手架原材料的化学成分和产品的物理性能。确保脚手架从生产到交付100%符合质量标准。
about:quality.title	Проверка <br /> качества	Quality<br /> check	Kalite<br /> kontrolü	质量<br />检查
about:quality.block_1_title	Физико-химический <br /> анализ	Physico-chemical <br /> analysis	Fiziko-kimyasal <br /> analiz	理化分析
about:quality.block_1_text	У нас есть собственные физико-химические лаборатории для проверки химического состава сырья. Чтобы строительные леса соответствовали стандарту качества 100% от производства до доставки.	We have our own physical and chemical laboratories to test the chemical composition of raw materials. To ensure that scaffolding meets 100% quality standard from production to delivery.	Hammaddelerin kimyasal bileşimini test etmek için kendi fiziksel ve kimyasal laboratuvarlarımız var. İskelenin üretimden teslimata kadar %100 kalite standardını karşılamasını sağlamak.	我们有自己的理化实验室来测试原材料的化学成分。确保脚手架从生产到交付100%符合质量标准。
about:quality.block_2_title	Производство по ГОСТ	Production according to GOST	GOST'a göre üretim	根据 GOST 生产
about:quality.block_2_text	Наша продукция соответствует нормам и производится в соответствии с: ГОСТ Р 58752-2019, ГОСТ Р 58755-2019, ГОСТ Р 58758-2019, ГОСТ 27321-2018	Our products comply with standards and are manufactured in accordance with: GOST R 58752-2019, GOST R 58755-2019, GOST R 58758-2019, GOST 27321-2018	Ürünlerimiz standartlara uygundur ve GOST R 58752-2019, GOST R 58755-2019, GOST R 58758-2019, GOST 27321-2018 standartlarına uygun olarak üretilmektedir.	我们的产品符合标准并按照以下标准制造：GOST R 58752-2019、GOST R 58755-2019、GOST R 58758-2019、GOST 27321-2018
about:quality.block_3_title	Анализ на вязкость, скручивание, разрыв	Analysis for viscosity, torsion, rupture	Viskozite, burulma, kopma analizi	粘度、扭转、破裂分析
about:quality.block_3_text	Сайт рыбатекст поможет дизайнеру, верстальщику, вебмастеру сгенерировать несколько абзацев более менее осмысленного текста рыбы на русском языке	The fishtext website will help the designer, layout designer, and webmaster to generate several paragraphs of more or less meaningful fish text in Russian	Fishtext web sitesi, tasarımcıya, düzen tasarımcısına ve web yöneticisine, Rusça'da az çok anlamlı balık metni içeren birkaç paragraf oluşturma konusunda yardımcı olacaktır.	Fishtext 网站将帮助设计师、布局设计师和网站管理员用俄语生成几段或多或少有意义的鱼文本
partners:title	Партнёрам	For partners	Ortaklar için	对于合作伙伴
partners:tab_1	Предприятиям	For enterprises	İşletmeler için	对于企业
partners:tab_1_title	Выгодные предложения для наших партнёров	Advantageous offers for our partners	İş ortaklarımıza avantajlı teklifler	为我们的合作伙伴提供优惠优惠
partners:tab_1_text	Компания "Уралснабресурс" имеет возможность предоставить бесплатные образцы хомутов к строительным лесам для ознакомления и тестирования. Мы готовы предоставить вам образцы продукции, чтобы вы могли убедиться в качестве и соответствии наших хомутов по вашим потребностям. Для получения образцов, пожалуйста, заполните обязательные поля	The Uralsnabresurs company has the opportunity to provide free samples of clamps for scaffolding for review and testing. We are ready to provide you with product samples so that you can verify the quality and suitability of our clamps to your needs. To receive samples, please fill in the required fields	Uralsnabresurs şirketi, inceleme ve test için iskele için ücretsiz kelepçe örnekleri sağlama fırsatına sahiptir. Kelepçelerimizin kalitesini ve ihtiyaçlarınıza uygunluğunu doğrulayabilmeniz için size ürün numuneleri sunmaya hazırız. Numune almak için lütfen gerekli alanları doldurunuz	Uralsnabresurs 公司有机会免费提供脚手架夹具样品以供审查和测试。我们随时为您提供产品样品，以便您可以验证我们的夹具的质量和是否适合您的需求。要接收样品，请填写必填字段
partners:tab_1_sub	*данное предложение действует для компаний ранее не сотрудничавших с нами и имеет рекламно-ознакомительный характер	*this offer is valid for companies that have not previously collaborated with us and is for advertising and informational purposes only	*Bu teklif daha önce bizimle işbirliği yapmamış şirketler için geçerlidir ve yalnızca reklam ve bilgilendirme amaçlıdır.	*此优惠适用于之前未与我们合作过的公司，仅用于广告和信息目的
partners:tab_2	Партнерам	For partners	Ortaklar için	对于合作伙伴
partners:tab_2_title	Выгодные предложения для наших партнёров	Advantageous offers for our partners	İş ortaklarımıza avantajlı teklifler	为我们的合作伙伴提供优惠优惠
partners:tab_2_text	По вопросу поставок вашей продукции или услуг просим писать на почту <a href="mailto:usr3@mail.ru">usr3@mail.ru</a>, если ваше предложение покажется интересным и востребованым под наши потребности, то с Вами свяжутся.	Regarding the supply of your products or services, please write to <a href="mailto:usr3@mail.ru">usr3@mail.ru</a>, if your offer seems interesting and in demand for our needs, you will be contacted .	Ürün veya hizmetlerinizin tedarikiyle ilgili olarak lütfen <a href="mailto:usr3@mail.ru">usr3@mail.ru</a> adresine yazın; teklifiniz ilgi çekici görünüyorsa ve ihtiyaçlarımıza uygunsa, iletişime geçilecektir.	关于您的产品或服务的供应，请写信至 <a href="mailto:usr3@mail.ru">usr3@mail.ru</a>，如果您的报价看起来很有趣并且符合我们的需求，您将予以联系。
catalog:presence.title	Наличие	Availability	Kullanılabilirlik	可用性
catalog:presence.on	В наличии	In stock	Stokta var	有存货
catalog:presence.off	Под заказ	To order	Sipariş vermek	订购
catalog:filters	Фильтры	Filters	Filtreler	过滤器
catalog:price	Стоимость	Price	Fiyat	价格
catalog:price_discount	Стоимость со скидкой	Discounted price	İndirimli fiyat	折扣价
catalog:to_cart	В корзину	Add to cart	Sepete ekle	添加到购物车
catalog:in_cart	В корзине	In cart	Sepette	在购物车中
catalog:get_price	Уточнить цену	Check price	Fiyatı kontrol et	查看价格
catalog:show_more	Показать еще	Show more	Daha fazlasını göster	显示更多
catalog:categories	Категории	Categories	Kategoriler	类别
catalog:reset_filters	Сбросить фильтры	Reset filters	Filtreleri sıfırla	重置过滤器
catalog:search_placeholder	Поиск оборудования	Search for equipment	Ekipman ara	搜索设备
catalog:components_catalog	Каталог комплектующих	Catalog of components	Bileşen kataloğu	组件目录
catalog:part_number	Артикул	Article	Madde	文章
catalog:charachteristics	Характеристики	Characteristics	Özellikler	特征
catalog:description.title	Описание	Description	Tanım	描述
catalog:description.text	Сертификаты, паспорта продукции и протоколы испытаний по запросу	Certificates, product data sheets and test reports on request	Talep üzerine sertifikalar, ürün veri sayfaları ve test raporları	根据要求提供证书、产品数据表和测试报告
catalog:info_1	Пожизненный срок службы <span>на все Комплектующие</span>	Lifetime service life <span>for all Components</span>	<span>Tüm Bileşenler</span> için ömür boyu hizmet ömrü	<span>所有组件的终生使用寿命</span>
catalog:info_2	Возникли вопросы? <span>проконсультируем</span>	Any questions? <span>we will consult</span>	Sorularınız mı var? <span>danışacağız</span>	有疑问吗？ <span>我们会咨询</span>
catalog:info_3	Купите комплектующие <span>в офисе продаж</span>	Buy components <span>at the sales office</span>	Bileşenleri <span>satış ofisinden</span> satın alın	<span>在销售办事处</span>购买组件
catalog:delivery_info_1	Сотрудничаем со всеми службами доставки	We cooperate with all delivery services	Tüm teslimat hizmetleriyle işbirliği yapıyoruz	我们与所有送货服务合作
catalog:delivery_info_2	Доставка товара без задержек	Delivery of goods without delays	Malların gecikmeden teslimi	货物交付无延误
catalog:delivery_info_3	И кратчайшие сроки доставки	And the shortest delivery times	Ve en kısa teslimat süreleri	以及最短的交货时间
catalog:no_result	Товары по вашему запросу не найдены. Попробуйте изменить параметры поиска.	No products were found matching your request. Try changing your search parameters.	Talebinize uygun ürün bulunamadı. Arama parametrelerinizi değiştirmeyi deneyin.	没有找到符合您要求的产品。尝试更改您的搜索参数。
cart:discount_sum	Сумма скидки	Discount amount	İndirim tutarı	折扣金额
cart:sum	Итого	Total	Toplam	全部的
cart:delete	Очистить	Clear	Temizlemek	清除
cart:empty	Корзина пустая	Cart is empty	Sepet boş	购物车是空的
delivery_pay:d_title	Обеспечиваем доставку <br /> авто и ж/д способом	We provide delivery <br /> by road and rail	<br /> karayolu ve demiryolu yoluyla teslimat sağlıyoruz	我们提供公路和铁路运输<br />
delivery_pay:d_button	Доставка	Delivery	Teslimat	送货
delivery_pay:d_text	Доставим товар в любую точку России и страны СНГ. Отработанная годами логистика позволяет оптимизировать расходы.	We will deliver the goods anywhere in Russia and the CIS countries. Logistics proven over the years allows us to optimize costs.	Malları Rusya ve BDT ülkelerinin her yerine teslim edeceğiz. Yıllar boyunca kanıtlanmış lojistik, maliyetleri optimize etmemizi sağlar.	我们将把货物运送到俄罗斯和独联体国家的任何地方。多年来经过验证的物流使我们能够优化成本。
delivery_pay:d_method_1	Доставляем ж/д транспортом	We deliver by rail	Demiryolu ile teslimat yapıyoruz	我们通过铁路运送
delivery_pay:d_method_2	Автотранспортом	By road	Karayoluyla	乘公路
delivery_pay:d_wherehouse	3 склада по России	3 warehouses across Russia	Rusya çapında 3 depo	俄罗斯3个仓库
delivery_pay:p_title	Принимаем любые способы оплаты	We accept any payment methods	Herhangi bir ödeme yöntemini kabul ediyoruz	我们接受任何付款方式
delivery_pay:p_button	Оплата	Payment	Ödeme	支付
delivery_pay:p_text	Оплатить товар можно любым удобным для вас способом:	You can pay for the goods in any way convenient for you:	Mallar için sizin için uygun olan herhangi bir şekilde ödeme yapabilirsiniz:	您可以通过任何您方便的方式支付货款：
delivery_pay:p_list_1	Безналичный расчет с юр. лицами	Cashless payment with legal entities. persons	Tüzel kişilerle nakitsiz ödeme. kişiler	与法人实体的无现金支付。人
delivery_pay:p_list_2	Работаем по 223-ФЗ и 44-ФЗ	We work according to 223-FZ and 44-FZ	223-FZ ve 44-FZ'ye göre çalışıyoruz	我们按照223-FZ和44-FZ工作
delivery_pay:p_list_3	Открываем спецсчета в банках	We open special accounts in banks	Bankalarda özel hesaplar açıyoruz	我们在银行开设特殊账户
delivery_pay:p_list_4	Отгружаем под банковские гарантии	We ship under bank guarantees	Banka garantisi altında gönderim yapıyoruz	我们以银行担保发货
delivery_pay:p_list_5	Отсрочки платежа и скидки постоянным клиентам	Deferred payments and discounts for regular customers	Düzenli müşteriler için ertelenmiş ödemeler ve indirimler	老客户的延期付款和折扣
delivery_pay:p_list_6	Особые условия для строительных и производственных компаний	Special conditions for construction and manufacturing companies	İnşaat ve imalat şirketlerine yönelik özel koşullar	建筑和制造公司的特殊条件
contacts:office_title	Офис продаж и выставочный зал	Sales office and showroom	Satış ofisi ve showroom	销售办公室和陈列室
contacts:schedule_title	Время работы	Opening hours	Çalışma saatleri	开放时间
contacts:msk_wharehouse_sch	Склад МСК: Круглосуточно	MSK warehouse: 24 hours a day	MSK deposu: günün 24 saati	MSK 仓库：全天 24 小时
contacts:free_call	звонок по России бесплатный, отдел продаж	free call within Russia, sales department	Rusya içinde ücretsiz arama, satış departmanı	俄罗斯境内免费电话，销售部门
contacts:mail	Почта	Mail	Posta	邮件
contacts:spb_wh	Склад Санкт-Петербург	Warehouse St. Petersburg	Depo St.Petersburg	仓库 圣彼得堡
contacts:spb_wh_address	г. Санкт-Петербург, пр. Обуховской обороны, д. 295, лит.АТ, логопарк «Троицкий»	St. Petersburg, Obukhovskaya Oborony Ave., 295, lit. AT, logopark "Troitsky"	St.Petersburg, Obukhovskaya Oborony Bulvarı, 295, yanıyor. AT, logopark "Troitsky"	圣彼得堡，Obukhovskaya Oborony Ave., 295, lit. AT，“特洛伊茨基”标志公园
contacts:msk_wh	Склад Московская обл.	Warehouse Moscow region	Depo Moskova bölgesi	莫斯科地区仓库
contacts:msk_wh_address	Московская обл., Ногинский р-н, пгт. Обухово, Кудиновское ш., 4 корпус 27. ПСК "Атлант-Парк"	Moscow region, Noginsk district, town. Obukhovo, Kudinovskoe highway, 4 building 27. PSK "Atlant-Park"	Moskova bölgesi, Noginsk bölgesi, kasaba. Obukhovo, Kudinovskoe karayolu, 4 bina 27. PSK "Atlant-Park"	莫斯科州，诺金斯克区，镇。 Obukhovo，Kudinovskoe 高速公路，4 号楼 27. PSK“Atlant-Park”
contacts:msk_sch_val	Круглосуточно	Around the clock	24 saat	全天候
contacts:details.title	Реквизиты	Details	Detaylar	细节
contacts:details.company	Общество с ограниченной ответственностью «Уралснабресурс»	Limited Liability Company "Uralsnabresurs"	Sınırlı Sorumluluk Şirketi "Uralsnabresurs"	有限责任公司“Uralsnabresurs”
contacts:details.inn	ИНН	TIN	KALAY	锡
contacts:details.kpp	КПП	checkpoint	kontrol noktası	检查站
contacts:details.orgn	ОГРН	OGRN	OGRN	OGRN
contacts:details.regist_number	Номер свидетельства о регистрации	Registration certificate number	Kayıt sertifika numarası	登记证号码
contacts:details.okpo	Код по ОКПО	OKPO code	OKPO kodu	OKPO代码
contacts:details.bank_key	Банк	Bank	Banka	银行
contacts:details.bank_val	ФИЛИАЛ "НИЖЕГОРОДСКИЙ" АО "АЛЬФА-БАНК"	BRANCH "NIZHEGORODSKY" JSC "ALFA-BANK"	ŞUBE "NIZHEGORODSKY" JSC "ALFA-BANK"	“NIZHEGORODSKY”股份公司“阿尔法银行”分行
contacts:details.bik	БИК	BIC	BIC	商业银行
contacts:details.ras_acc	Рас.счет	Settlement account	Ödeme hesabı	结算账户
contacts:details.kor_acc	Кор.счет	Correspondent account	Muhabir hesap	代理账户
contacts:details.legal_address_key	Юридический адрес	Legal address	Yasal adres	法定地址
contacts:details.legal_address_val	Республика Башкортостан, г.Уфа, 450059, <br />ул. Рихарда Зорге, 15/1	Republic of Bashkortostan, Ufa, 450059, <br />st. Richard Sorge, 15/1	Başkurdistan Cumhuriyeti, Ufa, 450059, <br />st. Richard Sorge, 15/1	巴什科尔托斯坦共和国，乌法，450059，<br />st。理查德·佐尔格，15/1
contacts:details.mail_address_key	Почтовый адрес	Postal address	Posta adresi	邮政地址
contacts:details.mail_address_val	Республика Башкортостан, г. Уфа, 450022, <br />ул. Менделеева 132/1 офис 5	Republic of Bashkortostan, Ufa, 450022, <br />st. Mendeleeva 132/1 office 5	Başkurdistan Cumhuriyeti, Ufa, 450022, <br />st. Mendeleeva 132/1 ofis 5	巴什科尔托斯坦共和国，乌法，450022，<br />st。门捷列娃 132/1 办公室 5
contacts:details.ceo_key	Директор	Director	Müdür	导演
contacts:details.ceo_val	Мамлиев Ильшат Римович (на основании Устава)	Mamliev Ilshat Rimovich (based on the Charter)	Mamliev Ilshat Rimovich (Şart'a göre)	马姆利耶夫·伊尔沙特·里莫维奇（根据宪章）
blog:no_posts	Такой статьи нет	There is no such article	Böyle bir makale yok	没有这样的文章
blog:title	Читайте интересные статьи в нашем блоге и следите за новостями	Read interesting articles on our blog and follow the news	Blogumuzdaki ilginç makaleleri okuyun ve haberleri takip edin	在我们的博客上阅读有趣的文章并关注新闻
blog:read	Читать подробнее	Read more	Devamını oku	阅读更多
meta:title	ООО Уралснабресурс - официальный сайт. Производство и продажа строительного оборудования в Москве и РФ	LLC Uralsnabresurs - official website. Production and sale of construction equipment in Moscow and the Russian Federation	LLC Uralsnabresurs - resmi web sitesi. Moskova ve Rusya Federasyonu'nda inşaat ekipmanlarının üretimi ve satışı	LLC Uralsnabresurs - 官方网站。在莫斯科和俄罗斯联邦生产和销售建筑设备
meta:description	Поставка строительного оборудования от производителя Уралснабресурс: хомуты для лесов, шпунты ларсена, пиломатериалы, лестницы, опалубка, вышки-туры. Выгодные цены. Быстрая поставка по Росиии и СНГ.	Supply of construction equipment from the manufacturer Uralsnabresurs: scaffolding clamps, Larsen sheet piles, lumber, ladders, formwork, scaffolding towers. Favorable prices. Fast delivery throughout Russia and the CIS.	Uralsnabresurs üreticisinden inşaat ekipmanı temini: iskele kelepçeleri, Larsen levha kazıklar, kereste, merdivenler, kalıplar, iskele kuleleri. Uygun fiyatlar. Rusya ve BDT genelinde hızlı teslimat.	Uralsnabresurs 制造商供应建筑设备：脚手架夹、拉森板桩、木材、梯子、模板、脚手架塔。价格优惠。在整个俄罗斯和独联体国家快速交货。
policy:private	<h2>Политика в отношении обработки персональных данных</h2><h5>1. Общие положения</h5><p>Настоящая политика обработки персональных данных составлена в соответствии с требованиями Федерального закона от 27.07.2006. №152-ФЗ «О персональных данных» и определяет порядок обработки персональных данных и меры по обеспечению безопасности персональных данных ООО ТД "Уралснабресурс" (далее – Оператор).</p><ol><li>Оператор ставит своей важнейшей целью и условием осуществления своей деятельности соблюдение прав и свобод человека и гражданина при обработке его персональных данных, в том числе защиты прав на неприкосновенность частной жизни, личную и семейную тайну.</li><li>Настоящая политика Оператора в отношении обработки персональных данных (далее – Политика) применяется ко всей информации, которую Оператор может получить о посетителях веб-сайта https://visota13.ru.</li></ol><h5>2. Основные понятия, используемые в Политике</h5><ol><li>Автоматизированная обработка персональных данных – обработка персональных данных с помощью средств вычислительной техники;</li><li>Блокирование персональных данных – временное прекращение обработки персональных данных (за исключением случаев, если обработка необходима для уточнения персональных данных);</li><li>Веб-сайт – совокупность графических и информационных материалов, а также программ для ЭВМ и баз данных, обеспечивающих их доступность в сети интернет по сетевому адресу https://visota13.ru;</li><li>Информационная система персональных данных — совокупность содержащихся в базах данных персональных данных, и обеспечивающих их обработку информационных технологий и технических средств;</li><li>Обезличивание персональных данных — действия, в результате которых невозможно определить без использования дополнительной информации принадлежность персональных данных конкретному Пользователю или иному субъекту персональных данных;</li><li>Обработка персональных данных – любое действие (операция) или совокупность действий (операций), совершаемых с использованием средств автоматизации или без использования таких средств с персональными данными, включая сбор, запись, систематизацию, накопление, хранение, уточнение (обновление, изменение), извлечение, использование, передачу (распространение, предоставление, доступ), обезличивание, блокирование, удаление, уничтожение персональных данных;</li><li>Оператор – государственный орган, муниципальный орган, юридическое или физическое лицо, самостоятельно или совместно с другими лицами организующие и (или) осуществляющие обработку персональных данных, а также определяющие цели обработки персональных данных, состав персональных данных, подлежащих обработке, действия (операции), совершаемые с персональными данными;</li><li>Персональные данные – любая информация, относящаяся прямо или косвенно к определенному или определяемому Пользователю веб-сайта https://visota13.ru/;</li><li>Пользователь – любой посетитель веб-сайта https://visota13.ru/;</li><li>Предоставление персональных данных – действия, направленные на раскрытие персональных данных определенному лицу или определенному кругу лиц;</li><li>Распространение персональных данных – любые действия, направленные на раскрытие персональных данных неопределенному кругу лиц (передача персональных данных) или на ознакомление с персональными данными неограниченного круга лиц, в том числе обнародование персональных данных в средствах массовой информации, размещение в информационно-телекоммуникационных сетях или предоставление доступа к персональным данным каким-либо иным способом;</li><li>Трансграничная передача персональных данных – передача персональных данных на территорию иностранного государства органу власти иностранного государства, иностранному физическому или иностранному юридическому лицу;</li><li>Уничтожение персональных данных – любые действия, в результате которых персональные данные уничтожаются безвозвратно с невозможностью дальнейшего восстановления содержания персональных данных в информационной системе персональных данных и (или) результате которых уничтожаются материальные носители персональных данных.</li></ol><h5>3. Оператор может обрабатывать следующие персональные данные Пользователя</h5><ol><li>Фамилия, имя, отчество;</li><li>Электронный адрес;</li><li>Номера телефонов;</li><li>Также на сайте происходит сбор и обработка обезличенных данных о посетителях (в т.ч. файлов «cookie») с помощью сервисов интернет-статистики (Яндекс Метрика и Гугл Аналитика и других).</li><li>Вышеперечисленные данные далее по тексту Политики объединены общим понятием Персональные данные.</li></ol><h5>4. Цели обработки персональных данных</h5><ol><li>Цель обработки персональных данных Пользователя — информирование Пользователя посредством отправки электронных писем; уточнения деталей заказа.</li><li>Также Оператор имеет право направлять Пользователю уведомления о новых продуктах и услугах, специальных предложениях и различных событиях.</li><li>Пользователь всегда может отказаться от получения информационных сообщений, направив Оператору письмо на адрес электронной почты visota1300@mail.ru с пометкой «Отказ от уведомлениях о новых продуктах и услугах и специальных предложениях».</li><li>Обезличенные данные Пользователей, собираемые с помощью сервисов интернет-статистики, служат для сбора информации о действиях Пользователей на сайте, улучшения качества сайта и его содержания.</li></ol><h5>5. Правовые основания обработки персональных данных</h5><ol><li>Оператор обрабатывает персональные данные Пользователя только в случае их заполнения и/или отправки Пользователем самостоятельно через специальные формы, расположенные на сайте https://visota13.ru/. Заполняя соответствующие формы и/или отправляя свои персональные данные Оператору, Пользователь выражает свое согласие с данной Политикой.</li><li>Оператор обрабатывает обезличенные данные о Пользователе в случае, если это разрешено в настройках браузера Пользователя (включено сохранение файлов «cookie» и использование технологии JavaScript).</li></ol><h5>6. Порядок сбора, хранения, передачи и других видов обработки персональных данных</h5><p>Безопасность персональных данных, которые обрабатываются Оператором, обеспечивается путем реализации правовых, организационных и технических мер, необходимых для выполнения в полном объеме требований действующего законодательства в области защиты персональных данных.</p><ol><li>Оператор обеспечивает сохранность персональных данных и принимает все возможные меры, исключающие доступ к персональным данным неуполномоченных лиц.</li><li>Персональные данные Пользователя никогда, ни при каких условиях не будут переданы третьим лицам, за исключением случаев, связанных с исполнением действующего законодательства.</li><li>В случае выявления неточностей в персональных данных, Пользователь может актуализировать их самостоятельно, путем направления Оператору уведомление на адрес электронной почты Оператора visota1300@mail.ru с пометкой «Актуализация персональных данных».</li><li>Срок обработки персональных данных является неограниченным. Пользователь может в любой момент отозвать свое согласие на обработку персональных данных, направив Оператору уведомление посредством электронной почты на электронный адрес Оператора visota1300@mail.ru с пометкой «Отзыв согласия на обработку персональных данных».</li></ol><h5>7. Трансграничная передача персональных данных</h5><ol><li>Оператор до начала осуществления трансграничной передачи персональных данных обязан убедиться в том, что иностранным государством, на территорию которого предполагается осуществлять передачу персональных данных, обеспечивается надежная защита прав субъектов персональных данных.</li><li>Трансграничная передача персональных данных на территории иностранных государств, не отвечающих вышеуказанным требованиям, может осуществляться только в случае наличия согласия в письменной форме субъекта персональных данных на трансграничную передачу его персональных данных и/или исполнения договора, стороной которого является субъект персональных данных.</li></ol><h5>8. Заключительные положения</h5><ol><li>Пользователь может получить любые разъяснения по интересующим вопросам, касающимся обработки его персональных данных, обратившись к Оператору с помощью электронной почты visota1300@mail.ru.</li><li>В данном документе будут отражены любые изменения политики обработки персональных данных Оператором. Политика действует бессрочно до замены ее новой версией.</li><li>Актуальная версия Политики в свободном доступе расположена в сети Интернет по адресу http://visota13.ru/policy.</li></ol>	<h2>Policy regarding the processing of personal data</h2><h5>1. General provisions</h5><p>This personal data processing policy has been drawn up in accordance with the requirements of the Federal Law of July 27, 2006. No. 152-FZ “On Personal Data” and determines the procedure for processing personal data and measures to ensure the security of personal data LLC TD "Uralsnabresurs" (hereinafter referred to as the Operator).</p><ol><li>The Operator sets as its most important goal and condition in carrying out its activities, respecting the rights and freedoms of man and citizen when processing his personal data, including protecting the rights to privacy, personal and family secrets.</li><li>This Operator’s policy regarding the processing of personal data (hereinafter referred to as the Policy ) applies to all information that the Operator can obtain about visitors to the website https://visota13.ru.</li></ol><h5>2. Basic concepts used in the Policy</h5><ol><li>Automated processing of personal data - processing of personal data using computer technology;</li><li>Blocking of personal data - temporary cessation of processing of personal data (except in cases , if processing is necessary to clarify personal data);</li><li>Website - a set of graphic and information materials, as well as computer programs and databases that ensure their availability on the Internet at the network address https://visota13 .ru;</li><li>Personal data information system - a set of personal data contained in databases, and information technologies and technical means that ensure their processing;</li><li>Depersonalization of personal data - actions as a result of which it is impossible determine, without the use of additional information, the ownership of personal data to a specific User or other subject of personal data;</li><li>Processing of personal data is any action (operation) or set of actions (operations) performed using automation tools or without the use of such means with personal data, including collection, recording, systematization, accumulation, storage, clarification (updating, changing), extraction, use, transfer (distribution, provision, access), depersonalization, blocking, deletion, destruction of personal data;</li><li >Operator - a state body, municipal body, legal or natural person, independently or jointly with other persons organizing and (or) carrying out the processing of personal data, as well as determining the purposes of processing personal data, the composition of personal data to be processed, actions (operations), performed with personal data;</li><li>Personal data - any information relating directly or indirectly to a specific or determined User of the website https://visota13.ru/;</li><li>User - any visitor website https://visota13.ru/;</li><li>Providing personal data - actions aimed at disclosing personal data to a certain person or a certain circle of persons;</li><li>Dissemination of personal data - any actions , aimed at disclosing personal data to an indefinite number of persons (transfer of personal data) or to familiarize with personal data of an unlimited number of persons, including the publication of personal data in the media, posting in information and telecommunication networks or providing access to personal data to any in another way;</li><li>Cross-border transfer of personal data - transfer of personal data to the territory of a foreign state to an authority of a foreign state, a foreign individual or foreign legal entity;</li><li>Destruction of personal data - any actions resulting in which personal data is destroyed irrevocably with the impossibility of further restoration of the content of personal data in the personal data information system and (or) as a result of which material media of personal data are destroyed.</li></ol><h5>3. The Operator can process the following personal data of the User</h5><ol><li>Last name, first name, patronymic;</li><li>Email address;</li><li>Telephone numbers;</li><li> The site also collects and processes anonymized data about visitors (including cookies) using Internet statistics services (Yandex Metrica and Google Analytics and others).</li><li>The above data is further in the text. The policies are united under the general concept of Personal Data.</li></ol><h5>4. Purposes of processing personal data</h5><ol><li>The purpose of processing the User’s personal data is to inform the User by sending emails; clarification of order details.</li><li>The Operator also has the right to send the User notifications about new products and services, special offers and various events.</li><li>The User can always refuse to receive information messages by sending the Operator a letter to email address visota1300@mail.ru with the note “Refusal of notifications about new products and services and special offers.”</li><li>Anonymized data of Users collected using Internet statistics services are used to collect information about the actions of Users on the site, improving the quality of the site and its content. </li></ol><h5>5. Legal grounds for processing personal data</h5><ol><li>The Operator processes the User’s personal data only if it is filled out and/or sent by the User independently through special forms located on the website https://visota13.ru/. By filling out the appropriate forms and/or sending his personal data to the Operator, the User expresses his consent to this Policy.</li><li>The Operator processes anonymized data about the User if this is allowed in the User’s browser settings (saving of “cookies” files is enabled) and the use of JavaScript technology).</li></ol><h5>6. The procedure for collecting, storing, transferring and other types of processing of personal data</h5><p>The security of personal data processed by the Operator is ensured through the implementation of legal, organizational and technical measures necessary to fully comply with the requirements of current legislation in the field of personal protection data.</p><ol><li>The Operator ensures the safety of personal data and takes all possible measures to prevent access to personal data by unauthorized persons.</li><li>The User’s personal data will never, under any circumstances, be transferred to third parties, except in cases related to the implementation of current legislation.</li><li>If inaccuracies in personal data are identified, the User can update them independently by sending a notification to the Operator to the Operator's e-mail address visota1300@mail.ru with the note “Updating personal data.”</li><li>The period for processing personal data is unlimited. The User may at any time withdraw his consent to the processing of personal data by sending a notification to the Operator via email to the Operator's email address visota1300@mail.ru with the note “Withdrawal of consent to the processing of personal data.”</li></ol><h5> 7. Cross-border transfer of personal data</h5><ol><li>Before commencing the cross-border transfer of personal data, the operator is obliged to ensure that the foreign state to whose territory it is intended to transfer personal data ensures reliable protection of the rights of personal data subjects.</ li><li>Cross-border transfer of personal data to the territory of foreign states that do not meet the above requirements can only be carried out if there is written consent of the subject of personal data to the cross-border transfer of his personal data and/or execution of an agreement to which the subject of personal data is a party </li></ol><h5>8. Final provisions</h5><ol><li>The User can receive any clarification on issues of interest regarding the processing of his personal data by contacting the Operator via email visota1300@mail.ru.</li><li>In this document any changes to the Operator’s personal data processing policy will be reflected. The Policy is valid indefinitely until it is replaced by a new version.</li><li>The current version of the Policy is freely available on the Internet at http://visota13.ru/policy.</li></ol>	<h2>Kişisel verilerin işlenmesine ilişkin politika</h2><h5>1. Genel hükümler</h5><p>Bu kişisel veri işleme politikası, 27 Temmuz 2006 tarihli Federal Kanun'un gerekliliklerine uygun olarak hazırlanmıştır. 152-FZ sayılı “Kişisel Verilere İlişkin” ve kişisel verilerin işlenmesine ilişkin prosedürü belirler. LLC TD "Uralsnabresurs" (bundan böyle Operatör olarak anılacaktır).</p><ol><li>Operatör, faaliyetlerini yürütürken en önemli hedef ve koşulu kendine amaç olarak belirler, mahremiyet, kişisel ve aile sırları haklarının korunması da dahil olmak üzere kişisel verilerini işlerken insan ve vatandaşın hak ve özgürlüklerine saygı duymak.</li><li>Bu Operatörün kişisel verilerin işlenmesine ilişkin politikası (bundan sonra Politika olarak anılacaktır) ) Operatörün https://visota13.ru web sitesini ziyaret edenler hakkında elde edebileceği tüm bilgiler için geçerlidir.</li></ol><h5>2. Politikada kullanılan temel kavramlar</h5><ol><li>Kişisel verilerin otomatik olarak işlenmesi - kişisel verilerin bilgisayar teknolojisi kullanılarak işlenmesi;</li><li>Kişisel verilerin engellenmesi - kişisel verilerin işlenmesinin geçici olarak durdurulması ( kişisel verileri açıklığa kavuşturmak için işlemenin gerekli olduğu durumlar hariç);</li><li>Web sitesi - internette https ağ adresinde kullanılabilirliğini sağlayan bir dizi grafik ve bilgi materyalinin yanı sıra bilgisayar programları ve veri tabanları ://visota13 .ru;</li><li>Kişisel veri bilgi sistemi - veritabanlarında bulunan bir dizi kişisel veri ve bunların işlenmesini sağlayan bilgi teknolojileri ve teknik araçlar;</li><li>Kişisel verilerin kişiselleştirilmesi - ek bilgi kullanılmadan kişisel verilerin belirli bir Kullanıcıya veya başka bir kişisel veri konusuna ait olduğunu belirlemenin imkansız olduğu eylemler;</li><li>Kişisel verilerin işlenmesi herhangi bir eylemdir ( toplama, kaydetme, sistemleştirme, biriktirme, depolama, açıklama (güncelleme, değiştirme), çıkarma, kullanma, aktarma (dağıtım, kişisel verilerin sağlanması, erişim), duyarsızlaştırma, engelleme, silme, imha etme;</li><li >Operatör - bağımsız olarak veya diğer kişilerle birlikte organize eden ve/veya yürüten bir devlet organı, belediye organı, tüzel veya gerçek kişi kişisel verilerin işlenmesi ve ayrıca kişisel verilerin işlenme amaçlarının belirlenmesi, işlenecek kişisel verilerin bileşimi, kişisel verilerle gerçekleştirilen eylemler (işlemler);</li><li>Kişisel veriler - doğrudan ilgili her türlü bilgi veya dolaylı olarak https://visota13.ru/ web sitesinin belirli veya belirli bir Kullanıcısına;</li><li>Kullanıcı - https://visota13.ru/ web sitesinin herhangi bir ziyaretçisine;</li><li>Kişisel sağlama veri - kişisel verileri belirli bir kişiye veya belirli bir kişi grubuna açıklamayı amaçlayan eylemler;</li><li>Kişisel verilerin yayılması - kişisel verileri belirsiz sayıda kişiye açıklamayı amaçlayan her türlü eylem (kişisel verilerin aktarımı) ) veya kişisel verilerin medyada yayınlanması, bilgi ve telekomünikasyon ağlarında yayınlanması veya kişisel verilere başka bir şekilde erişim sağlanması da dahil olmak üzere sınırsız sayıda kişinin kişisel verileri hakkında bilgi edinmek;</li><li>Çapraz -kişisel verilerin sınır aktarımı - kişisel verilerin yabancı bir devletin topraklarına, yabancı bir devletin makamına, yabancı bir gerçek kişiye veya yabancı tüzel kişiye aktarılması;</li><li>Kişisel verilerin imhası - aşağıdakilerle sonuçlanan her türlü eylem: kişisel veri bilgi sistemindeki kişisel veri içeriğinin daha fazla geri yüklenmesinin imkansız olması ve (veya) bunun sonucunda kişisel verilerin maddi ortamının imha edilmesi ile kişisel verilerin geri dönülemez şekilde imha edilmesi.</li></ol>< h5>3. Operatör, Kullanıcının aşağıdaki kişisel verilerini işleyebilir</h5><ol><li>Soyadı, adı, soyadı;</li><li>E-posta adresi;</li><li>Telefon numaraları;< /li><li> Site ayrıca İnternet istatistik hizmetlerini (Yandex Metrica ve Google Analytics ve diğerleri) kullanarak ziyaretçiler hakkında anonimleştirilmiş verileri (çerezler dahil) toplar ve işler.</li><li>Yukarıdaki veriler metnin devamında yer almaktadır. Politikalar, Kişisel Veri genel kavramı altında birleştirilmiştir.</li></ol><h5>4. Kişisel verilerin işlenme amaçları</h5><ol><li>Kullanıcının kişisel verilerinin işlenmesinin amacı, Kullanıcıya e-posta göndererek bilgi vermek; sipariş detaylarının netleştirilmesi.</li><li>Operatör ayrıca yeni ürün ve hizmetler, özel teklifler ve çeşitli etkinlikler hakkında Kullanıcıya bildirim gönderme hakkına sahiptir.</li><li>Kullanıcı her zaman bilgi almayı reddedebilir. Operatöre visota1300@mail.ru e-posta adresine “Yeni ürünler ve hizmetler ve özel teklifler hakkındaki bildirimlerin reddedilmesi” notunu içeren bir mektup gönderilerek gönderilen mesajlar.</li><li>İnternet istatistik hizmetleri kullanılarak toplanan Kullanıcıların anonimleştirilmiş verileri kullanılır. Kullanıcıların sitedeki eylemleri hakkında bilgi toplamak, sitenin kalitesini ve içeriğini iyileştirmek. </li></ol><h5>5. Kişisel verilerin işlenmesinin yasal dayanakları</h5><ol><li>Operatör, Kullanıcının kişisel verilerini yalnızca Kullanıcı tarafından https://visota13 web sitesinde bulunan özel formlar aracılığıyla bağımsız olarak doldurulması ve/veya gönderilmesi durumunda işler. ru/. Kullanıcı, uygun formları doldurarak ve/veya kişisel verilerini Operatöre göndererek bu Politikaya onay verdiğini ifade eder.</li><li>Operatör, Kullanıcının tarayıcı ayarlarında buna izin veriliyorsa, Kullanıcı hakkındaki anonimleştirilmiş verileri işler. ("çerez" dosyalarının kaydedilmesi etkinleştirilmiştir) ve JavaScript teknolojisinin kullanımı).</li></ol><h5>6. Kişisel verilerin toplanması, saklanması, aktarılması ve diğer türlerde işlenmesine ilişkin prosedür</h5><p>Operatör tarafından işlenen kişisel verilerin güvenliği, bu Yönetmeliğe tam olarak uymak için gerekli yasal, organizasyonel ve teknik önlemlerin uygulanması yoluyla sağlanır. kişisel koruma verileri alanında mevcut mevzuatın gereklilikleri.</p><ol><li>Operatör, kişisel verilerin güvenliğini sağlar ve kişisel verilere yetkisiz kişilerin erişimini önlemek için mümkün olan tüm önlemleri alır.</li>< li>Kullanıcının kişisel verileri, yürürlükteki mevzuatın uygulanmasıyla ilgili durumlar dışında hiçbir zaman üçüncü kişilere aktarılmayacaktır.</li><li>Kişisel verilerde yanlışlık tespit edilmesi halinde Kullanıcı bunları güncelleyebilir. bağımsız olarak Operatörün visota1300@mail.ru e-posta adresine “Kişisel verilerin güncellenmesi” notuyla bir bildirim göndererek.</li><li>Kişisel verilerin işlenme süresi sınırsızdır. Kullanıcı, Operatörün visota1300@mail.ru e-posta adresine "Kişisel verilerin işlenmesine ilişkin iznin geri çekilmesi" notuyla e-posta yoluyla Operatöre bir bildirim göndererek kişisel verilerin işlenmesine ilişkin onayını herhangi bir zamanda geri çekebilir.< /li></ol><h5> 7. Kişisel verilerin sınır ötesi aktarımı</h5><ol><li>Kişisel verilerin sınır ötesi aktarımına başlamadan önce operatör, yabancı devletin Kişisel verilerin aktarılmasının amaçlandığı toprak, kişisel veri sahiplerinin haklarının güvenilir bir şekilde korunmasını sağlar.</ li><li>Kişisel verilerin, yukarıdaki gereklilikleri karşılamayan yabancı devletlerin topraklarına sınır ötesi aktarımı, yalnızca kişisel veri sahibinin, kişisel verilerinin sınır ötesi aktarımına ve/veya kişisel veri sahibinin taraf olduğu bir sözleşmenin akdine ilişkin yazılı rızası olması durumunda gerçekleştirilecektir </li></ol>< h5>8. Nihai hükümler</h5><ol><li>Kullanıcı, kişisel verilerinin işlenmesiyle ilgili konularda her türlü açıklamayı visota1300@mail.ru e-postası yoluyla Operatörle iletişime geçerek alabilir.</li><li>Bu belgede İşletmecinin kişisel veri işleme politikasında yapılacak herhangi bir değişikliği belgelemek yansıtılacaktır. Politika, yeni bir sürümle değiştirilene kadar süresiz olarak geçerlidir.</li><li>Politika'nın güncel sürümüne http://visota13.ru/policy adresinden ücretsiz olarak ulaşılabilir.</li></ ol>	<h2>有关个人数据处理的政策</h2><h5>1.一般条款</h5><p>本个人数据处理政策是根据 2006 年 7 月 27 日联邦法律第 152-FZ 号“关于个人数据”的要求制定的，并确定了处理个人数据的程序数据和确保个人数据安全的措施 LLC TD“Uralsnabresurs”（以下简称运营商）。</p><ol><li>运营商将其开展活动时设定为最重要的目标和条件，在处理个人数据时尊重人和公民的权利和自由，包括保护隐私权、个人和家庭秘密。</li><li>本运营商关于个人数据处理的政策（以下简称“政策”） ) 适用于运营商可以获得的有关网站 https://visota13.ru 访问者的所有信息。</li></ol><h5>2.政策中使用的基本概念</h5><ol><li>个人数据的自动处理 - 使用计算机技术处理个人数据；</li><li>个人数据的阻止 - 暂时停止个人数据的处理（除非需要进行处理以澄清个人数据）；</li><li>网站 - 一组图形和信息材料，以及确保其在互联网上的网络地址 https 上可用的计算机程序和数据库://visota13 .ru;</li><li>个人数据信息系统——数据库中包含的一组个人数据，以及确保其处理的信息技术和技术手段；</li><li>个人数据的去个性化- 在不使用附加信息的情况下，无法确定特定用户或其他个人数据主体的个人数据所有权的行为；</li><li>个人数据的处理是指以下任何行为（使用自动化工具或不使用此类手段对个人数据执行的一系列操作（操作），包括收集、记录、系统化、积累、存储、澄清（更新、更改）、提取、使用、转移（分发、提供、访问）、去个性化、阻止、删除、销毁个人数据；</li><li>运营者 - 国家机构、市政机构、法人或自然人，独立或与其他人共同组织和（或）执行个人数据的处理，以及确定处理个人数据的目的、要处理的个人数据的组成、使用个人数据执行的操作（操作）；</li><li>个人数据 - 直接相关的任何信息或间接向网站 https://visota13.ru/ 的特定或确定用户提供；</li><li>用户 - 任何访客网站 https://visota13.ru/；</li><li>提供个人信息数据 - 旨在向特定个人或特定人群披露个人数据的行为；</li><li>个人数据传播 - 旨在向不定数量的人披露个人数据的任何行为（个人数据的传输） ) 或了解不限人数的个人数据，包括在媒体上发布个人数据、在信息和电信网络中发布或以其他方式向任何人提供个人数据的访问权限；</li><li>交叉- 个人数据的边境转移 - 将个人数据转移到外国境内的外国当局、外国个人或外国法人；</li><li>销毁个人数据 - 导致以下行为的任何行为：个人数据被不可撤销地销毁，并且个人数据信息系统中的个人数据内容无法进一步恢复，和（或）个人数据的物质介质被销毁。</li></ol>< h5>3。运营商可以处理用户的以下个人数据</h5><ol><li>姓氏、名字、父名；</li><li>电子邮件地址；</li><li>电话号码；< /li><li>该网站还使用互联网统计服务（Yandex Metrica 和 Google Analytics 等）收集和处理有关访问者的匿名数据（包括 Cookie）。</li><li>上述数据在文本中进一步说明。这些政策统一在个人数据的一般概念下。</li></ol><h5>4.处理个人数据的目的</h5><ol><li>处理用户个人数据的目的是通过发送电子邮件通知用户；澄清订单详细信息。</li><li>运营商还有权向用户发送有关新产品和服务、特别优惠和各种活动的通知。</li><li>用户可以随时拒绝接收信息通过向运营商发送一封信至电子邮件地址 visota1300@mail.ru 并注明“拒绝有关新产品和服务以及特别优惠的通知”来发送消息。</li><li>使用通过互联网统计服务收集的用户匿名数据收集有关用户在网站上的操作的信息，提高网站及其内容的质量。 </li></ol><h5>5。处理个人数据的法律依据</h5><ol><li>仅当用户通过网站 https://visota13 上的特殊表格独立填写和/或发送用户的个人数据时，运营商才会处理用户的个人数据。茹/。通过填写适当的表格和/或将其个人数据发送给运营商，用户表示同意本政策。</li><li>如果用户的浏览器设置允许，运营商会处理有关用户的匿名数据。 （启用保存“cookies”文件）并使用JavaScript技术）。</li></ol><h5>6。收集、存储、传输和其他类型的个人数据处理的程序</h5><p>运营商处理的个人数据的安全性是通过实施必要的法律、组织和技术措施来确保的，以完全遵守个人保护数据领域现行立法的要求。</p><ol><li>运营商确保个人数据的安全，并采取一切可能的措施防止未经授权的人员访问个人数据。</li>< li>在任何情况下，用户的个人数据都不会转移给第三方，除非与执行现行立法有关。</li><li>如果发现个人数据不准确，用户可以更新它们独立地通过向运营商的电子邮件地址 visota1300@mail.ru 发送通知并注明“更新个人数据”。</li><li>处理个人数据的期限没有限制。用户可以随时通过电子邮件向运营商发送通知，撤回对个人数据处理的同意，该通知发送至运营商的电子邮件地址 visota1300@mail.ru，并注明“撤回对个人数据处理的同意。”< /li></ol><h5> 7. 个人数据跨境传输</h5><ol><li>在开始个人数据跨境传输之前，运营者有义务确保外国国家个人数据拟转移至其境内，确保个人数据主体的权利得到可靠保护。</li><li>不符合上述要求的个人数据跨境转移至外国境内，只能如果个人数据主体书面同意跨境传输其个人数据和/或签署个人数据主体作为一方的协议，则可以进行</li></ol>< h5>8。最终条款</h5><ol><li>用户可以通过电子邮件 visota1300@mail.ru 联系运营商，获得有关其个人数据处理相关问题的任何澄清。</li><li>在此记录运营商个人数据处理政策的任何变更都将得到反映。本政策无限期有效，直至被新版本取代。</li><li>本政策的当前版本可在互联网上免费获取：http://visota13.ru/policy。</li></li></li></li> ol>